-- phpMyAdmin SQL Dump
-- version 5.2.1
-- https://www.phpmyadmin.net/
--
-- Host: 127.0.0.1
-- Tempo de geração: 05-Dez-2025 às 17:54
-- Versão do servidor: 10.4.32-MariaDB
-- versão do PHP: 8.2.12

SET SQL_MODE = "NO_AUTO_VALUE_ON_ZERO";
START TRANSACTION;
SET time_zone = "+00:00";


/*!40101 SET @OLD_CHARACTER_SET_CLIENT=@@CHARACTER_SET_CLIENT */;
/*!40101 SET @OLD_CHARACTER_SET_RESULTS=@@CHARACTER_SET_RESULTS */;
/*!40101 SET @OLD_COLLATION_CONNECTION=@@COLLATION_CONNECTION */;
/*!40101 SET NAMES utf8mb4 */;

--
-- Banco de dados: `connect`
--

-- --------------------------------------------------------

--
-- Estrutura da tabela `preferencias`
--

CREATE TABLE `preferencias` (
  `PreferenciaID` int(11) NOT NULL,
  `Nome` varchar(150) NOT NULL,
  `Imagem` varchar(255) NOT NULL
) ENGINE=InnoDB DEFAULT CHARSET=utf8mb4 COLLATE=utf8mb4_general_ci;

--
-- Extraindo dados da tabela `preferencias`
--

INSERT INTO `preferencias` (`PreferenciaID`, `Nome`, `Imagem`) VALUES
(1, 'gastronomia', './assets/img/gastronomia.png'),
(2, 'esportes', './assets/img/esportes.png'),
(3, 'literatura', './assets/img/literatura.png'),
(4, 'tecnologia', './assets/img/tecnologia.png'),
(5, 'pets', './assets/img/pets.png'),
(6, 'jardinagem', './assets/img/jardinagem.png'),
(7, 'trabalho', './assets/img/trabalho.png'),
(8, 'cinema', './assets/img/cinema.png'),
(9, 'jogos online', './assets/img/jogos_online.png'),
(10, 'música', './assets/img/musica.png'),
(11, 'fotografia', './assets/img/fotografia.png'),
(12, 'moda', './assets/img/moda.png'),
(13, 'artesanato', './assets/img/artesanato.png'),
(14, 'aventura', './assets/img/aventura.png'),
(15, 'viagem', './assets/img/viagem.png');

-- --------------------------------------------------------

--
-- Estrutura da tabela `usuarios`
--

CREATE TABLE `usuarios` (
  `UsuarioID` int(11) NOT NULL,
  `Nome_completo` varchar(100) NOT NULL,
  `Usuario` varchar(25) NOT NULL,
  `Email` varchar(255) NOT NULL,
  `Senha` varchar(16) NOT NULL,
  `CEP` int(8) NOT NULL,
  `Endereco` varchar(150) NOT NULL,
  `Numero` int(5) NOT NULL,
  `Imagem` varchar(255) NOT NULL,
  `Cidade` varchar(150) NOT NULL,
  `Estado` varchar(2) NOT NULL,
  `Distancia` int(11) NOT NULL,
  `Latitude` float NOT NULL,
  `Longitude` float NOT NULL
) ENGINE=InnoDB DEFAULT CHARSET=utf8mb4 COLLATE=utf8mb4_general_ci;

--
-- Extraindo dados da tabela `usuarios`
--

INSERT INTO `usuarios` (`UsuarioID`, `Nome_completo`, `Usuario`, `Email`, `Senha`, `CEP`, `Endereco`, `Numero`, `Imagem`, `Cidade`, `Estado`, `Distancia`, `Latitude`, `Longitude`) VALUES
(1, 'Eduarda Ordahy Sciortino', 'dudaordahy', 'dudasciortino@gmail.com', '123456', 90660, 'Rua Humberto de Campos', 1196, '../contents/perfil/duda.jpg', 'Porto Alegre', 'RS', 0, -30.064, -51.1985),
(2, 'Mariana Figueiredo', 'mari_fig', 'mariana.fg@example.com', '12345678', 90050170, 'Av. Borges de Medeiros', 1501, 'mari.jpg', 'Porto Alegre', 'RS', 0, -30.0331, -51.2307),
(3, 'Lucas Andrade', 'lucas_a', 'lucas.andrade@example.com', 'senha123', 91330000, 'Av. Assis Brasil', 4200, 'lucas.jpg', 'Porto Alegre', 'RS', 0, -30.0115, -51.1579),
(4, 'Fernanda Silveira', 'fer_s', 'fernanda.silv@example.com', 'abc12345', 90420060, 'Rua Félix da Cunha', 780, 'fer.jpg', 'Porto Alegre', 'RS', 0, -30.0258, -51.2075),
(5, 'Rafael Moreira', 'rafa_m', 'rafa.moreira@example.com', 'pass2024', 90619900, 'Av. Ipiranga', 6681, 'rafa.jpg', 'Porto Alegre', 'RS', 0, -30.0586, -51.1747),
(6, 'Júlia Carvalho', 'ju_carv', 'julia.carvalho@example.com', 'julia2024', 91530000, 'Rua Ernesto da Fontoura', 235, 'julia.jpg', 'Porto Alegre', 'RS', 0, -30.0239, -51.165),
(7, 'Thiago Pacheco', 'thi_pach', 'thiago.pacheco@example.com', 'tk2024pass', 91740110, 'Rua Eduardo Prado', 55, 'thiago.jpg', 'Porto Alegre', 'RS', 0, -30.1311, -51.2102),
(8, 'Carolina Nunes', 'carol_n', 'carol.nunes@example.com', 'carol123', 90130000, 'Av. Goethe', 200, 'carol.jpg', 'Porto Alegre', 'RS', 0, -30.028, -51.2027),
(9, 'Diego Almeida', 'dieg_alm', 'diego.almeida@example.com', 'abcd7890', 91220000, 'Rua Dr. Timóteo', 101, 'diego.jpg', 'Porto Alegre', 'RS', 0, -30.0087, -51.1972),
(10, 'Beatriz Ramos', 'bia_r', 'beatriz.ramos@example.com', 'bia2024ok', 90010160, 'Rua Voluntários da Pátria', 950, 'bia.jpg', 'Porto Alegre', 'RS', 0, -30.0164, -51.2105),
(11, 'Henrique Duarte', 'h_duarte', 'henrique.duarte@example.com', 'hdk12345', 90520000, 'Av. Cristóvão Colombo', 3000, 'henrique.jpg', 'Porto Alegre', 'RS', 0, -30.0219, -51.2098),
(12, 'André Silveira', 'and_silv', 'andre.silv@example.com', 'as2024', 90020200, 'Rua Bento Martins', 745, 'andres.jpg', 'Porto Alegre', 'RS', 0, -30.0272, -51.2251),
(13, 'Larissa Antunes', 'lari_ant', 'larissa.antunes@example.com', 'la123456', 90450110, 'Rua Barão do Amazonas', 220, 'lari.jpg', 'Porto Alegre', 'RS', 0, -30.0285, -51.1977),
(14, 'Miguel Freitas', 'mig_frei', 'miguel.freitas@example.com', 'mf9090', 90530220, 'Av. Benjamin Constant', 1800, 'miguel.jpg', 'Porto Alegre', 'RS', 0, -30.0159, -51.212),
(15, 'Sofia Cardoso', 'sof_card', 'sofia.cardoso@example.com', 'sc5555', 91370050, 'Rua Ary Tarragô', 365, 'sofia.jpg', 'Porto Alegre', 'RS', 0, -30.0108, -51.118),
(16, 'Eduardo Ramos', 'edu_r', 'eduardo.r@example.com', 'er8080', 91750010, 'Av. Juca Batista', 7010, 'eduramos.jpg', 'Porto Alegre', 'RS', 0, -30.15, -51.1855),
(17, 'Vitória Silva', 'vit_sil', 'vitoria.sil@example.com', 'vs1212', 90480220, 'Rua General Couto de Magalhães', 110, 'vitoria.jpg', 'Porto Alegre', 'RS', 0, -30.0331, -51.1931),
(18, 'Leonardo Barreto', 'leo_bar', 'leonardo.barreto@example.com', 'lb4444', 91020400, 'Av. Sertório', 6400, 'leonardo.jpg', 'Porto Alegre', 'RS', 0, -30.001, -51.159),
(19, 'Camila Figueira', 'cam_fig', 'camila.figueira@example.com', 'cf6767', 90040220, 'Rua Vigário José Inácio', 520, 'camilaf.jpg', 'Porto Alegre', 'RS', 0, -30.0269, -51.225),
(20, 'Renan Duarte', 'ren_duar', 'renan.duarte@example.com', 'rd3333', 91410200, 'Rua Pedro Chaves Barcelos', 370, 'renan.jpg', 'Porto Alegre', 'RS', 0, -30.0262, -51.1733),
(21, 'Helena Dias', 'hel_dias', 'helena.dias@example.com', 'hd2024', 90510450, 'Rua Santo Antônio', 540, 'helenad.jpg', 'Porto Alegre', 'RS', 0, -30.0295, -51.2101),
(22, 'Patrícia Gomes', 'pat_g', 'patricia.gomes@example.com', 'pg123456', 90480170, 'Rua Anita Garibaldi', 145, 'pat.jpg', 'Porto Alegre', 'RS', 0, -30.0335, -51.1904),
(23, 'Gustavo Silva', 'gus_silva', 'gustavo.silva@example.com', 'gs2024xx', 91720000, 'Av. Cavalhada', 2990, 'gus.jpg', 'Porto Alegre', 'RS', 0, -30.138, -51.2095),
(24, 'Amanda Rocha', 'amanda_r', 'amanda.rocha@example.com', 'am123456', 90040300, 'Rua dos Andradas', 1276, 'amanda.jpg', 'Porto Alegre', 'RS', 0, -30.0274, -51.2239),
(25, 'Eduardo Teixeira', 'edu_tx', 'edu.teixeira@example.com', 'etx2024', 91010000, 'Av. Sertório', 5555, 'edu.jpg', 'Porto Alegre', 'RS', 0, -30.004, -51.1666),
(26, 'Letícia Barreto', 'let_bar', 'leticia.barreto@example.com', 'let78900', 90570090, 'Rua Ramiro Barcelos', 2350, 'leticia.jpg', 'Porto Alegre', 'RS', 0, -30.0257, -51.205),
(27, 'Fábio Ribeiro', 'fab_r', 'fabio.ribeiro@example.com', 'fr2024pass', 91225000, 'Rua Dr. Barros Cassal', 123, 'fabio.jpg', 'Porto Alegre', 'RS', 0, -30.027, -51.202),
(28, 'Daniela Freitas', 'dani_f', 'daniela.freitas@example.com', 'df2024', 91410020, 'Rua São Luís', 223, 'dani.jpg', 'Porto Alegre', 'RS', 0, -30.0252, -51.1715),
(29, 'João Pedro Cunha', 'jp_cunha', 'joaopedro.c@example.com', 'jpc1234', 90050300, 'Av. Loureiro da Silva', 310, 'jp.jpg', 'Porto Alegre', 'RS', 0, -30.039, -51.2284),
(30, 'Mirela Antunes', 'mi_ant', 'mirela.antunes@example.com', 'm1234ant', 91330030, 'Rua Domingos Martins', 420, 'mirela.jpg', 'Porto Alegre', 'RS', 0, -30.011, -51.16),
(31, 'Rodrigo Vieira', 'rod_v', 'rodrigo.vieira@example.com', 'rv888888', 90443210, 'Rua Miguel Tostes', 900, 'rodrigo.jpg', 'Porto Alegre', 'RS', 0, -30.0285, -51.198),
(32, 'Camila Santos', 'cami_s', 'camila.santos@example.com', 'cs12345', 91040400, 'Rua Aliança', 55, 'camila.jpg', 'Porto Alegre', 'RS', 0, -30.0092, -51.1679),
(33, 'Vitor Menezes', 'v_menezes', 'vitor.menezes@example.com', 'vm2024', 91770000, 'Av. Edgar Pires de Castro', 5120, 'vitor.jpg', 'Porto Alegre', 'RS', 0, -30.1544, -51.1761),
(34, 'Helena Duarte', 'he_duarte', 'helena.duarte@example.com', 'hd1234', 90520020, 'Rua Quintino Bocaiúva', 720, 'helena.jpg', 'Porto Alegre', 'RS', 0, -30.0266, -51.21),
(35, 'Pedro Ramos', 'ped_r', 'pedro.ramos@example.com', 'pr2024xx', 90010020, 'Rua Riachuelo', 500, 'pedro.jpg', 'Porto Alegre', 'RS', 0, -30.025, -51.228),
(36, 'Isabela Matos', 'isa_m', 'isabela.matos@example.com', 'im123456', 91360000, 'Rua Ary Tarragô', 800, 'isabela.jpg', 'Porto Alegre', 'RS', 0, -30.0195, -51.1154),
(37, 'Marcelo Brito', 'marc_b', 'marcelo.brito@example.com', 'mb2024', 91430220, 'Rua João Wallig', 1800, 'marcelo.jpg', 'Porto Alegre', 'RS', 0, -30.0201, -51.17),
(38, 'Ana Luiza Braga', 'alu_braga', 'ana.braga@example.com', 'al1234', 91350000, 'Av. Protásio Alves', 9600, 'ana.jpg', 'Porto Alegre', 'RS', 0, -30.023, -51.145),
(39, 'Ruan Oliveira', 'ru_oliv', 'ruan.oliveira@example.com', 'ro2024', 91788100, 'Rua Campo Novo', 90, 'ruan.jpg', 'Porto Alegre', 'RS', 0, -30.1705, -51.209),
(40, 'Tainá Meireles', 'tai_mei', 'taina.meireles@example.com', 'tm2024', 90420140, 'Rua Casemiro de Abreu', 240, 'taina.jpg', 'Porto Alegre', 'RS', 0, -30.026, -51.2015),
(41, 'Juliano Silveira', 'ju_silv', 'juliano.silv@example.com', 'js2024', 91530200, 'Rua Santa Catarina', 130, 'juliano.jpg', 'Porto Alegre', 'RS', 0, -30.0185, -51.1662),
(42, 'Carla Mendes', 'carla_m', 'carla.mendes@example.com', 'cm12345', 90035200, 'Rua Uruguai', 155, 'carla.jpg', 'Porto Alegre', 'RS', 0, -30.0299, -51.2287),
(43, 'Felipe Azevedo', 'fel_az', 'felipe.az@example.com', 'fa2024', 91020000, 'Av. Assis Brasil', 7200, 'felipe.jpg', 'Porto Alegre', 'RS', 0, -30.0007, -51.163),
(44, 'Roberta Silveira', 'ro_silv', 'roberta.silv@example.com', 'rs98765', 90670000, 'Rua Dona Laura', 510, 'roberta.jpg', 'Porto Alegre', 'RS', 0, -30.037, -51.2001),
(45, 'Igor Cardoso', 'ig_card', 'igor.cardoso@example.com', 'ic55555', 91760110, 'Rua João Vedana', 75, 'igor.jpg', 'Porto Alegre', 'RS', 0, -30.1432, -51.19),
(46, 'Catarina Pinto', 'cat_p', 'catarina.pinto@example.com', 'cp222222', 90430140, 'Rua Cabral', 930, 'catarina.jpg', 'Porto Alegre', 'RS', 0, -30.0273, -51.1999),
(47, 'Mateus Borges', 'mat_b', 'mateus.borges@example.com', 'mb1234', 91120000, 'Rua Professor Cristiano Fischer', 1500, 'mateus.jpg', 'Porto Alegre', 'RS', 0, -30.0334, -51.148),
(48, 'Larissa Souza', 'lari_s', 'larissa.souza@example.com', 'ls2024', 90510040, 'Rua Santo Antônio', 410, 'larissa.jpg', 'Porto Alegre', 'RS', 0, -30.031, -51.2112),
(49, 'Giovana Lopes', 'gio_l', 'giovana.lopes@example.com', 'gl2024', 90020060, 'Rua General Auto', 300, 'giovana.jpg', 'Porto Alegre', 'RS', 0, -30.0289, -51.2277),
(50, 'André Queiroz', 'and_q', 'andre.q@example.com', 'aq12345', 91320090, 'Rua Alberto Silva', 120, 'andre.jpg', 'Porto Alegre', 'RS', 0, -30.015, -51.1504),
(51, 'Bruna Machado', 'bru_mach', 'bruna.machado@example.com', 'bm1234', 90035300, 'Avenida Borges de Medeiros', 2000, 'bruna.jpg', 'Porto Alegre', 'RS', 0, -30.0362, -51.2298),
(52, 'Ricardo Fernandes', 'ric_fer', 'ricardo.fernandes@example.com', 'rf2024', 91370010, 'Rua Tenente Ary Tarragô', 520, 'ricardo.jpg', 'Porto Alegre', 'RS', 0, -30.0122, -51.1159),
(53, 'Sabrina Oliveira', 'sab_oli', 'sabrina.oliveira@example.com', 'so1234', 90420180, 'Rua Castro Alves', 630, 'sabrina.jpg', 'Porto Alegre', 'RS', 0, -30.0244, -51.2011),
(54, 'Cléber Ramos', 'cle_r', 'cleber.ramos@example.com', 'cr2024', 91740780, 'Rua Vicente da Fontoura', 3115, 'cleber.jpg', 'Porto Alegre', 'RS', 0, -30.0503, -51.2056),
(55, 'Vitória Lemos', 'vi_lem', 'vitoria.lemos@example.com', 'vl2121', 90510130, 'Rua Miguel Tostes', 255, 'vitoria.jpg', 'Porto Alegre', 'RS', 0, -30.024, -51.2002),
(56, 'Otávio Cardoso', 'ot_card', 'otavio.cardoso@example.com', 'oc9876', 90450150, 'Rua Dona Laura', 890, 'otavio.jpg', 'Porto Alegre', 'RS', 0, -30.027, -51.1952),
(57, 'Natália Brites', 'nat_bri', 'natalia.brites@example.com', 'nb4567', 91030100, 'Rua João XXIII', 1340, 'natalia.jpg', 'Porto Alegre', 'RS', 0, -29.9998, -51.1685),
(58, 'Eduardo Lima', 'ed_lim', 'eduardo.lima@example.com', 'el5555', 91230180, 'Rua Eng. João Lins', 60, 'eduardolim.jpg', 'Porto Alegre', 'RS', 0, -30.0075, -51.188),
(59, 'Paula Vasconcelos', 'pau_vas', 'paula.vas@example.com', 'pv2024', 90460200, 'Rua Eng. Alfredo Correa', 75, 'paula.jpg', 'Porto Alegre', 'RS', 0, -30.0287, -51.1868),
(60, 'Mauro Farias', 'mau_far', 'mauro.farias@example.com', 'mf2024', 91760012, 'Rua Juca Batista', 7000, 'mauro.jpg', 'Porto Alegre', 'RS', 0, -30.1589, -51.1941),
(61, 'Silvia Medeiros', 'sil_med', 'silvia.medeiros@example.com', 'sm1234', 90020040, 'Rua dos Andradas', 890, 'silvia.jpg', 'Porto Alegre', 'RS', 0, -30.0258, -51.2272),
(62, 'Ismael Tavares', 'ism_tav', 'ismael.tavares@example.com', 'it0000', 91530080, 'Rua Demétrio Ribeiro', 422, 'ismael.jpg', 'Porto Alegre', 'RS', 0, -30.0201, -51.176),
(63, 'Andressa Duarte', 'and_duar', 'andressa.duarte@example.com', 'ad1111', 91340010, 'Rua Alberto Silva', 101, 'andressa.jpg', 'Porto Alegre', 'RS', 0, -30.017, -51.1485),
(64, 'Henrique Prado', 'hen_pr', 'henrique.prado@example.com', 'hp2024', 90480240, 'Rua Visconde do Herval', 330, 'henriqueprado.jpg', 'Porto Alegre', 'RS', 0, -30.0322, -51.195),
(65, 'Lorena Souza', 'lor_sou', 'lorena.souza@example.com', 'ls2345', 91060600, 'Rua José Bonifácio', 90, 'lorena.jpg', 'Porto Alegre', 'RS', 0, -30.0121, -51.178),
(66, 'Marcelo Araújo', 'mar_ar', 'marcelo.araujo@example.com', 'ma2024', 91780030, 'Rua Campo Novo', 40, 'marceloar.jpg', 'Porto Alegre', 'RS', 0, -30.1643, -51.2058),
(67, 'Elisa Nobre', 'eli_n', 'elisa.nobre@example.com', 'en1212', 90430800, 'Rua Dona Leonor', 751, 'elisa.jpg', 'Porto Alegre', 'RS', 0, -30.0269, -51.196),
(68, 'Rogério Mattos', 'rog_mat', 'rogerio.mattos@example.com', 'rm7890', 90250510, 'Rua Hoffmann', 889, 'rogerio.jpg', 'Porto Alegre', 'RS', 0, -30.016, -51.205),
(69, 'Samanta Klein', 'sam_k', 'samanta.klein@example.com', 'sk8888', 91520090, 'Rua Jacuí', 121, 'samanta.jpg', 'Porto Alegre', 'RS', 0, -30.0205, -51.18),
(70, 'Vinícius Ribeiro', 'vin_rib', 'vinicius.rib@example.com', 'vr3333', 90470120, 'Rua Barão do Amazonas', 1650, 'vinicius.jpg', 'Porto Alegre', 'RS', 0, -30.0362, -51.1905),
(71, 'Pâmela Albuquerque', 'pam_alb', 'pamela.alb@example.com', 'pa2024', 91040190, 'Rua Souza Reis', 552, 'pamela.jpg', 'Porto Alegre', 'RS', 0, -30.0047, -51.1764),
(72, 'Murilo Goulart', 'mur_g', 'murilo.goulart@example.com', 'mg3333', 90200120, 'Rua Santo Antônio', 1202, 'murilo.jpg', 'Porto Alegre', 'RS', 0, -30.0259, -51.2059),
(73, 'Carine Lopes', 'car_lop', 'carine.lopes@example.com', 'cl9999', 90560050, 'Rua Félix da Cunha', 389, 'carine.jpg', 'Porto Alegre', 'RS', 0, -30.0231, -51.2058),
(74, 'Alberto Martins', 'alb_m', 'alberto.martins@example.com', 'am4567', 90430220, 'Rua Tobias da Silva', 188, 'alberto.jpg', 'Porto Alegre', 'RS', 0, -30.0277, -51.1992),
(75, 'Tânia Ferreira', 'tan_f', 'tania.ferreira@example.com', 'tf1010', 90040250, 'Rua Vigário José Inácio', 411, 'tania.jpg', 'Porto Alegre', 'RS', 0, -30.0283, -51.2249),
(76, 'Guilherme Pacheco', 'gui_pach', 'guilherme.pacheco@example.com', 'gp7878', 91030000, 'Av. Assis Brasil', 4500, 'guilherme.jpg', 'Porto Alegre', 'RS', 0, -30.004, -51.1784),
(77, 'Jaqueline Torres', 'jaq_tor', 'jaqueline.torres@example.com', 'jt2222', 91230210, 'Rua Ramiro Barcelos', 990, 'jaque.jpg', 'Porto Alegre', 'RS', 0, -30.024, -51.2002),
(78, 'Robson Pereira', 'rob_per', 'robson.pereira@example.com', 'rp9876', 90480130, 'Rua Anita Garibaldi', 1200, 'robson.jpg', 'Porto Alegre', 'RS', 0, -30.0323, -51.187),
(79, 'Mara Cristina', 'mara_c', 'mara.cris@example.com', 'mc1236', 91410090, 'Rua Pedro Chaves Barcelos', 404, 'mara.jpg', 'Porto Alegre', 'RS', 0, -30.027, -51.1742),
(80, 'Darlan Pires', 'dar_p', 'darlan.pires@example.com', 'dp4444', 91770200, 'Rua Edgar Pires de Castro', 8000, 'darlan.jpg', 'Porto Alegre', 'RS', 0, -30.155, -51.1722),
(81, 'Isadora Martins', 'isa_mar', 'isadora.mar@example.com', 'im2024', 90050140, 'Rua José Montaury', 220, 'isadora.jpg', 'Porto Alegre', 'RS', 0, -30.0282, -51.2265),
(82, 'Rafael Peçanha', 'raf_pec', 'rafael.pecanha@example.com', 'rp1234', 90450100, 'Avenida Mariland', 390, 'pecanha.jpg', 'Porto Alegre', 'RS', 0, -30.0268, -51.1877),
(83, 'Claudia Hoff', 'clau_h', 'claudia.hoff@example.com', 'ch3434', 90460010, 'Rua Edmundo Bastian', 154, 'claudia.jpg', 'Porto Alegre', 'RS', 0, -30.0295, -51.186),
(84, 'Leandro Saldanha', 'lea_sal', 'leandro.s@example.com', 'ls5555', 91788080, 'Rua Campo Novo', 300, 'leandro.jpg', 'Porto Alegre', 'RS', 0, -30.1722, -51.2102),
(85, 'Patrícia Amaral', 'pat_ama', 'patricia.amaral@example.com', 'pa3030', 90030010, 'Rua da Praia', 500, 'pati.jpg', 'Porto Alegre', 'RS', 0, -30.0277, -51.2266),
(86, 'Davi Medeiros', 'davi_m', 'davi.medeiros@example.com', 'dm2024', 90750150, 'Rua Vicente da Fontoura', 600, 'davi.jpg', 'Porto Alegre', 'RS', 0, -30.04, -51.2055),
(87, 'Jéssica Duarte', 'jes_dua', 'jessica.duarte@example.com', 'jd4321', 90420230, 'Rua Olavo Bilac', 190, 'jessica.jpg', 'Porto Alegre', 'RS', 0, -30.0254, -51.202),
(88, 'Samuel Diniz', 'sam_din', 'samuel.diniz@example.com', 'sd5555', 91060320, 'Rua Protásio Alves', 3000, 'samuel.jpg', 'Porto Alegre', 'RS', 0, -30.0205, -51.166),
(89, 'Nicolle Vargas', 'nic_var', 'nicolle.vargas@example.com', 'nv8888', 90520200, 'Rua Castro Alves', 303, 'nicolle.jpg', 'Porto Alegre', 'RS', 0, -30.0262, -51.2048),
(90, 'Paulo Victor', 'pvictor', 'paulo.victor@example.com', 'pv1212', 91330130, 'Rua Fioravante Milanez', 150, 'paulo.jpg', 'Porto Alegre', 'RS', 0, -30.0133, -51.1555),
(91, 'Cristina Farias', 'cris_f', 'cristina.f@example.com', 'cf7777', 90410050, 'Rua Vasco da Gama', 111, 'cristina.jpg', 'Porto Alegre', 'RS', 0, -30.027, -51.204),
(92, 'Gabriel Silveira', 'gab_sil', 'gabriel.sil@example.com', 'gs9999', 90570010, 'Rua Padre Chagas', 80, 'gabriel.jpg', 'Porto Alegre', 'RS', 0, -30.0255, -51.2045),
(93, 'Lara Bueno', 'lara_b', 'lara.bueno@example.com', 'lb5555', 91040040, 'Av. Sertório', 2000, 'lara.jpg', 'Porto Alegre', 'RS', 0, -30.002, -51.1751),
(94, 'Matheus Campos', 'mat_cam', 'matheus.campos@example.com', 'mc0909', 91720110, 'Av. Cavalhada', 2500, 'matheus.jpg', 'Porto Alegre', 'RS', 0, -30.1378, -51.2101),
(95, 'Daniela Vasques', 'dani_vas', 'dani.vas@example.com', 'dv0808', 91770090, 'Rua Juca Batista', 8500, 'daniv.jpg', 'Porto Alegre', 'RS', 0, -30.156, -51.186),
(96, 'João Esteves', 'joa_est', 'joao.esteves@example.com', 'je1234', 90430300, 'Rua Auxiliadora', 655, 'joaoest.jpg', 'Porto Alegre', 'RS', 0, -30.0262, -51.1962),
(97, 'Tatiane Meira', 'tati_m', 'tatiane.meira@example.com', 'tm1010', 91530300, 'Rua Barão de Santo Ângelo', 450, 'tatiane.jpg', 'Porto Alegre', 'RS', 0, -30.023, -51.167),
(98, 'Rhuan Silva', 'rhu_sil', 'rhuan.sil@example.com', 'rs4343', 91050200, 'Rua Mal. Floriano', 300, 'rhuan.jpg', 'Porto Alegre', 'RS', 0, -30.0055, -51.1731),
(99, 'Carol Mendonça', 'car_mend', 'carol.mend@example.com', 'cm2024', 90470210, 'Rua Vicente da Fontoura', 2300, 'carolm.jpg', 'Porto Alegre', 'RS', 0, -30.0352, -51.2041),
(100, 'Eduarda Freire', 'edu_fre', 'eduarda.freire@example.com', 'ef3030', 90770090, 'Rua São Luís', 98, 'eduarda.jpg', 'Porto Alegre', 'RS', 0, -30.0274, -51.17),
(101, 'Márcio Correa', 'mar_cor', 'marcio.correa@example.com', 'mc5555', 90010180, 'Av. Sepúlveda', 35, 'marcio.jpg', 'Porto Alegre', 'RS', 0, -30.0279, -51.2257),
(102, 'Elaine Porto', 'ela_port', 'elaine.porto@example.com', 'ep9191', 90480350, 'Rua General Couto de Magalhães', 210, 'elaine.jpg', 'Porto Alegre', 'RS', 0, -30.0344, -51.192),
(103, 'Felipe Rosa', 'fel_ros', 'felipe.rosa@example.com', 'fr1212', 90520250, 'Rua Ramiro Barcelos', 2400, 'feliperosa.jpg', 'Porto Alegre', 'RS', 0, -30.0265, -51.2052),
(104, 'Juliana Kruger', 'jul_kru', 'juliana.kruger@example.com', 'jk4343', 91788030, 'Rua da Serraria', 1660, 'julianak.jpg', 'Porto Alegre', 'RS', 0, -30.1732, -51.2099),
(105, 'Rodrigo Alves', 'rod_alv', 'rodrigo.alves@example.com', 'ra1212', 91350020, 'Rua Dona Alzira', 980, 'rodrigoalv.jpg', 'Porto Alegre', 'RS', 0, -30.019, -51.1459),
(106, 'Bárbara Menezes', 'bar_men', 'barbara.menezes@example.com', 'bm1212', 90450500, 'Av. Carlos Gomes', 1200, 'barbara.jpg', 'Porto Alegre', 'RS', 0, -30.0264, -51.186),
(107, 'Flávio Porto', 'fla_por', 'flavio.porto@example.com', 'fp3434', 90450130, 'Rua Anita Garibaldi', 320, 'flavio.jpg', 'Porto Alegre', 'RS', 0, -30.033, -51.19),
(108, 'Letícia Da Rosa', 'let_dar', 'leticia.darosa@example.com', 'ld6767', 90510200, 'Rua Fernandes Vieira', 900, 'leticiadr.jpg', 'Porto Alegre', 'RS', 0, -30.0301, -51.2133),
(109, 'Fernando Guimarães', 'fer_gui', 'fernando.gui@example.com', 'fg5050', 90220000, 'Av. Independência', 900, 'fernando.jpg', 'Porto Alegre', 'RS', 0, -30.0232, -51.209),
(110, 'Carine Wendt', 'car_wen', 'carine.wendt@example.com', 'cw2222', 91770310, 'Rua Prof. João Batista', 190, 'carinewendt.jpg', 'Porto Alegre', 'RS', 0, -30.1601, -51.1701),
(111, 'Alexandre Müller', 'ale_mul', 'alexandre.muller@example.com', 'am4545', 91540420, 'Rua Antunes Ribas', 301, 'alexandre.jpg', 'Porto Alegre', 'RS', 0, -30.0145, -51.17),
(112, 'Yasmin Torres', 'yas_tor', 'yasmin.torres@example.com', 'yt3232', 91020100, 'Av. Sertório', 8500, 'yasmin.jpg', 'Porto Alegre', 'RS', 0, -29.997, -51.156),
(113, 'Cassiano Azambuja', 'caz_am', 'cassiano.azam@example.com', 'ca3535', 90420010, ' Av. Ipiranga', 800, 'cassiano.jpg', 'Porto Alegre', 'RS', 0, -30.0265, -51.2089),
(114, 'Mônica Duarte', 'mon_dua', 'monica.duarte@example.com', 'md6767', 90200030, 'Rua Duque de Caxias', 2021, 'monica.jpg', 'Porto Alegre', 'RS', 0, -30.0277, -51.2275),
(115, 'Wagner Britto', 'wag_bri', 'wagner.britto@example.com', 'wb1010', 91380040, 'Av. Protásio Alves', 12040, 'wagner.jpg', 'Porto Alegre', 'RS', 0, -30.0197, -51.11),
(116, 'Helena Quadros', 'hel_qua', 'helena.quadros@example.com', 'hq5050', 90480340, 'Rua Barão de Ubá', 300, 'helena.jpg', 'Porto Alegre', 'RS', 0, -30.0334, -51.1925),
(117, 'Adriano Mesquita', 'adr_mes', 'adriano.mes@example.com', 'am1212', 90035010, 'Travessa Saudade', 55, 'adriano.jpg', 'Porto Alegre', 'RS', 0, -30.029, -51.2281),
(118, 'Lívia Bertoli', 'liv_ber', 'livia.bertoli@example.com', 'lb1212', 90550330, 'Rua Cabral', 1244, 'livia.jpg', 'Porto Alegre', 'RS', 0, -30.0274, -51.199),
(119, 'Caio Lopes', 'caio_lop', 'caio.lopes@example.com', 'cl4545', 90470240, 'Av. Ipiranga', 4000, 'caio.jpg', 'Porto Alegre', 'RS', 0, -30.0358, -51.2055),
(120, 'Valentina Wirth', 'val_wir', 'valentina.w@example.com', 'vw2222', 91770700, 'Av. Juca Batista', 9000, 'valentina.jpg', 'Porto Alegre', 'RS', 0, -30.159, -51.185),
(121, 'Eduardo Werner', 'ed_wer', 'eduardo.werner@example.com', 'ew3434', 90480160, 'Rua Anita Garibaldi', 900, 'werner.jpg', 'Porto Alegre', 'RS', 0, -30.034, -51.1892),
(122, 'Márcia Stein', 'mar_st', 'marcia.stein@example.com', 'ms9090', 91600120, 'Rua Dona Margarida', 540, 'marcia.jpg', 'Porto Alegre', 'RS', 0, -30.032, -51.1761),
(123, 'Felipe Brites', 'fel_bri', 'felipe.brites@example.com', 'fb2222', 91380110, 'Rua Atilio Supertti', 430, 'felipeb.jpg', 'Porto Alegre', 'RS', 0, -30.0161, -51.1201),
(124, 'Priscila Cabral', 'pri_cab', 'priscila.cabral@example.com', 'pc3232', 90460250, 'Rua Dom Pedro II', 240, 'priscila.jpg', 'Porto Alegre', 'RS', 0, -30.03, -51.1865),
(125, 'Thierry Reis', 'thi_rei', 'thierry.reis@example.com', 'tr8989', 90035050, 'Rua General Auto', 210, 'thierry.jpg', 'Porto Alegre', 'RS', 0, -30.0282, -51.2271),
(126, 'Lara Xavier', 'lar_xav', 'lara.xavier@example.com', 'lx7878', 91360070, ' Rua Adda Mascarenhas de Moraes', 200, 'larax.jpg', 'Porto Alegre', 'RS', 0, -30.0151, -51.1144),
(127, 'João Mota', 'joa_mot', 'joao.mota@example.com', 'jm1234', 90410300, 'Rua José Bonifácio', 410, 'jmot.jpg', 'Porto Alegre', 'RS', 0, -30.0279, -51.2042),
(128, 'Gisele Fontoura', 'gis_fon', 'gisele.font@example.com', 'gf5656', 91710020, 'Rua Vieira de Castro', 609, 'gisele.jpg', 'Porto Alegre', 'RS', 0, -30.1439, -51.202),
(129, 'Breno Cabral', 'bre_cab', 'breno.cabral@example.com', 'bc5656', 90200220, 'Rua Gen. Auto', 815, 'breno.jpg', 'Porto Alegre', 'RS', 0, -30.0271, -51.224),
(130, 'Carolina Moraes', 'car_mor', 'carolina.mor@example.com', 'cm3636', 90410340, 'Rua Santa Cecília', 122, 'carolinam.jpg', 'Porto Alegre', 'RS', 0, -30.029, -51.2048),
(131, 'Ivan Guterres', 'ivan_g', 'ivan.guterres@example.com', 'ig2222', 90470300, 'Av. Protásio Alves', 2800, 'ivan.jpg', 'Porto Alegre', 'RS', 0, -30.0331, -51.205),
(132, 'Lidiane Rocha', 'lid_roc', 'lidiane.rocha@example.com', 'lr3333', 91340050, 'Rua Gomes Carneiro', 422, 'lidiane.jpg', 'Porto Alegre', 'RS', 0, -30.0179, -51.149),
(133, 'Pedro Viana', 'ped_via', 'pedro.viana@example.com', 'pv5656', 90470260, 'Av. Ipiranga', 3800, 'pedrov.jpg', 'Porto Alegre', 'RS', 0, -30.0333, -51.2056),
(134, 'Amanda Zortea', 'ama_zor', 'amanda.zortea@example.com', 'az1010', 90450320, 'Rua Anita Garibaldi', 111, 'amandaz.jpg', 'Porto Alegre', 'RS', 0, -30.0335, -51.188),
(135, 'Luiz Felipe Braga', 'lf_bra', 'lf.braga@example.com', 'lf7676', 91530360, 'Rua Moab Caldas', 305, 'lfbraga.jpg', 'Porto Alegre', 'RS', 0, -30.0237, -51.1649),
(136, 'Joana Diniz', 'joa_din', 'joana.diniz@example.com', 'jd8787', 91020550, 'Av. Sertório', 7000, 'joanad.jpg', 'Porto Alegre', 'RS', 0, -30.003, -51.1611),
(137, 'Rafael Correia', 'raf_cor', 'rafael.cor@example.com', 'rc9999', 91420000, 'Rua Protásio Alves', 9000, 'rafaelcor.jpg', 'Porto Alegre', 'RS', 0, -30.0195, -51.147),
(138, 'Alice Bernardi', 'ali_ber', 'alice.ber@example.com', 'ab7878', 90440240, 'Rua Vicente da Fontoura', 1888, 'alice.jpg', 'Porto Alegre', 'RS', 0, -30.033, -51.2022),
(139, 'César Fagundes', 'ces_fag', 'cesar.f@example.com', 'cf9898', 91020600, 'Rua Ernesto Neugebauer', 55, 'cesar.jpg', 'Porto Alegre', 'RS', 0, -30.0009, -51.163),
(140, 'Raquel Stein', 'raq_st', 'raquel.stein@example.com', 'rs4545', 90420390, 'Rua General Paranhos', 421, 'raquel.jpg', 'Porto Alegre', 'RS', 0, -30.0275, -51.2024),
(141, 'Henrique Fortes', 'hen_for', 'henrique.fortes@example.com', 'hf3434', 90520300, 'Rua Castro Alves', 2110, 'henfort.jpg', 'Porto Alegre', 'RS', 0, -30.027, -51.205),
(142, 'Bianca Winter', 'bia_win', 'bianca.winter@example.com', 'bw9292', 90410110, 'Rua Félix da Cunha', 332, 'bianca.jpg', 'Porto Alegre', 'RS', 0, -30.026, -51.206),
(143, 'Jorge Prado', 'jor_pra', 'jorge.prado@example.com', 'jp2121', 91770750, 'Rua Setembrina', 900, 'jorge.jpg', 'Porto Alegre', 'RS', 0, -30.1609, -51.175),
(144, 'Kelly Martins', 'kel_mar', 'kelly.martins@example.com', 'km5656', 91430400, 'Rua Antonio Joaquim', 660, 'kelly.jpg', 'Porto Alegre', 'RS', 0, -30.0207, -51.1705),
(145, 'Otto Krieger', 'ott_kri', 'otto.k@example.com', 'ok1010', 91320000, 'Rua Alberto Silva', 300, 'otto.jpg', 'Porto Alegre', 'RS', 0, -30.0185, -51.151),
(146, 'Nayara Moura', 'nay_mou', 'nayara.moura@example.com', 'nm5656', 91310020, 'Rua Dr. Nilo Peçanha', 1060, 'nayara.jpg', 'Porto Alegre', 'RS', 0, -30.0189, -51.167),
(147, 'Douglas Ferrari', 'dou_fer', 'douglas.ferrari@example.com', 'df7676', 90460222, 'Rua Ramiro Barcelos', 3663, 'douglas.jpg', 'Porto Alegre', 'RS', 0, -30.027, -51.1989),
(148, 'Tatiane Borges', 'tat_bor', 'tatiane.borges@example.com', 'tb6767', 90520020, 'Rua Quintino Bocaiúva', 202, 'tatiane.jpg', 'Porto Alegre', 'RS', 0, -30.0271, -51.2111),
(149, 'Clara Veloso', 'cla_vel', 'clara.veloso@example.com', 'cv1111', 91788120, 'Av. Vicente Monteggia', 600, 'clara.jpg', 'Porto Alegre', 'RS', 0, -30.175, -51.2071),
(150, 'Rodrigo Wentz', 'rod_wen', 'rodrigo.wentz@example.com', 'rw3333', 90450400, 'Rua Anita Garibaldi', 455, 'wentz.jpg', 'Porto Alegre', 'RS', 0, -30.0333, -51.191),
(151, 'Olívia Dornelles', 'oli_dor', 'olivia.dor@example.com', 'od5656', 90470330, 'Av. Protásio Alves', 3500, 'olivia.jpg', 'Porto Alegre', 'RS', 0, -30.0337, -51.2066),
(152, 'Marcos Venturini', 'mar_ven', 'marcos.vent@example.com', 'mv1212', 90450380, 'Av. Cel. Lucas de Oliveira', 630, 'marcos.jpg', 'Porto Alegre', 'RS', 0, -30.0322, -51.1889),
(153, 'Patrícia Zanin', 'pat_zan', 'patricia.zanin@example.com', 'pz4545', 91530190, 'Rua Barão do Amazonas', 430, 'zanin.jpg', 'Porto Alegre', 'RS', 0, -30.0231, -51.17),
(154, 'Gerson Moretti', 'ger_mor', 'gerson.mor@example.com', 'gm6767', 90040310, 'Rua Espírito Santo', 110, 'gerson.jpg', 'Porto Alegre', 'RS', 0, -30.0264, -51.2244),
(155, 'Letícia Klein', 'let_kle', 'leticia.klein@example.com', 'lk9898', 90420090, 'Rua Luiz Afonso', 289, 'letkle.jpg', 'Porto Alegre', 'RS', 0, -30.0268, -51.2054),
(156, 'Arthur Zimmer', 'art_zim', 'arthur.zimmer@example.com', 'az3333', 91320070, 'Rua André Puente', 60, 'arthur.jpg', 'Porto Alegre', 'RS', 0, -30.018, -51.1605),
(157, 'Brenda Figueira', 'bre_fig', 'brenda.figueira@example.com', 'bf1221', 90420450, 'Rua Lopo Gonçalves', 82, 'brenda.jpg', 'Porto Alegre', 'RS', 0, -30.025, -51.2021),
(158, 'Caio Santoro', 'caio_san', 'caio.santoro@example.com', 'cs9898', 91370080, 'Rua dos Maias', 122, 'caios.jpg', 'Porto Alegre', 'RS', 0, -30.013, -51.1152),
(159, 'Rita Machado', 'rit_mac', 'rita.machado@example.com', 'rm9090', 90020180, 'Rua Coronel Genuíno', 540, 'rita.jpg', 'Porto Alegre', 'RS', 0, -30.0283, -51.2264),
(160, 'Fabiano Lisboa', 'fab_lis', 'fabiano.lisboa@example.com', 'fl1414', 91710050, 'Rua General Rondon', 322, 'fabiano.jpg', 'Porto Alegre', 'RS', 0, -30.144, -51.2011);

-- --------------------------------------------------------

--
-- Estrutura da tabela `usuarios_preferencias`
--

CREATE TABLE `usuarios_preferencias` (
  `ID` int(11) NOT NULL,
  `UsuarioID` int(11) NOT NULL,
  `PreferenciaID` int(11) NOT NULL,
  `Ordem` int(11) NOT NULL
) ENGINE=InnoDB DEFAULT CHARSET=utf8mb4 COLLATE=utf8mb4_general_ci;

--
-- Extraindo dados da tabela `usuarios_preferencias`
--

INSERT INTO `usuarios_preferencias` (`ID`, `UsuarioID`, `PreferenciaID`, `Ordem`) VALUES
(11, 2, 1, 0),
(12, 2, 2, 1),
(13, 2, 3, 2),
(14, 2, 4, 3),
(15, 2, 5, 4),
(16, 2, 6, 5),
(17, 2, 7, 6),
(18, 2, 8, 7),
(19, 2, 9, 8),
(20, 2, 10, 9),
(21, 3, 14, 0),
(22, 3, 6, 1),
(23, 3, 2, 2),
(24, 3, 11, 3),
(25, 3, 4, 4),
(26, 3, 15, 5),
(27, 3, 8, 6),
(28, 3, 1, 7),
(29, 3, 13, 8),
(30, 3, 9, 9),
(31, 4, 15, 0),
(32, 4, 3, 1),
(33, 4, 8, 2),
(34, 4, 1, 3),
(35, 4, 12, 4),
(36, 4, 5, 5),
(37, 4, 7, 6),
(38, 4, 14, 7),
(39, 4, 10, 8),
(40, 4, 16, 9),
(41, 5, 2, 0),
(42, 5, 9, 1),
(43, 5, 13, 2),
(44, 5, 1, 3),
(45, 5, 6, 4),
(46, 5, 16, 5),
(47, 5, 4, 6),
(48, 5, 11, 7),
(49, 5, 14, 8),
(50, 5, 7, 9),
(51, 6, 8, 0),
(52, 6, 1, 1),
(53, 6, 15, 2),
(54, 6, 5, 3),
(55, 6, 11, 4),
(56, 6, 4, 5),
(57, 6, 9, 6),
(58, 6, 16, 7),
(59, 6, 2, 8),
(60, 6, 6, 9),
(61, 7, 3, 0),
(62, 7, 14, 1),
(63, 7, 7, 2),
(64, 7, 10, 3),
(65, 7, 2, 4),
(66, 7, 13, 5),
(67, 7, 5, 6),
(68, 7, 12, 7),
(69, 7, 1, 8),
(70, 7, 8, 9),
(71, 8, 11, 0),
(72, 8, 6, 1),
(73, 8, 2, 2),
(74, 8, 8, 3),
(75, 8, 15, 4),
(76, 8, 13, 5),
(77, 8, 1, 6),
(78, 8, 5, 7),
(79, 8, 14, 8),
(80, 8, 9, 9),
(81, 9, 4, 0),
(82, 9, 7, 1),
(83, 9, 12, 2),
(84, 9, 1, 3),
(85, 9, 9, 4),
(86, 9, 15, 5),
(87, 9, 5, 6),
(88, 9, 13, 7),
(89, 9, 3, 8),
(90, 9, 10, 9),
(91, 10, 6, 0),
(92, 10, 1, 1),
(93, 10, 11, 2),
(94, 10, 8, 3),
(95, 10, 14, 4),
(96, 10, 2, 5),
(97, 10, 9, 6),
(98, 10, 12, 7),
(99, 10, 5, 8),
(100, 10, 15, 9),
(101, 11, 13, 0),
(102, 11, 2, 1),
(103, 11, 6, 2),
(104, 11, 10, 3),
(105, 11, 1, 4),
(106, 11, 7, 5),
(107, 11, 14, 6),
(108, 11, 4, 7),
(109, 11, 15, 8),
(110, 11, 9, 9),
(111, 12, 3, 0),
(112, 12, 15, 1),
(113, 12, 5, 2),
(114, 12, 11, 3),
(115, 12, 7, 4),
(116, 12, 14, 5),
(117, 12, 16, 6),
(118, 12, 1, 7),
(119, 12, 6, 8),
(120, 12, 9, 9),
(121, 13, 8, 0),
(122, 13, 4, 1),
(123, 13, 1, 2),
(124, 13, 16, 3),
(125, 13, 12, 4),
(126, 13, 3, 5),
(127, 13, 9, 6),
(128, 13, 6, 7),
(129, 13, 14, 8),
(130, 13, 11, 9),
(131, 8, 11, 0),
(132, 8, 6, 1),
(133, 8, 2, 2),
(134, 8, 8, 3),
(135, 8, 15, 4),
(136, 8, 13, 5),
(137, 8, 1, 6),
(138, 8, 5, 7),
(139, 8, 14, 8),
(140, 8, 9, 9),
(141, 9, 4, 0),
(142, 9, 7, 1),
(143, 9, 12, 2),
(144, 9, 1, 3),
(145, 9, 9, 4),
(146, 9, 15, 5),
(147, 9, 5, 6),
(148, 9, 13, 7),
(149, 9, 3, 8),
(150, 9, 10, 9),
(151, 10, 6, 0),
(152, 10, 1, 1),
(153, 10, 11, 2),
(154, 10, 8, 3),
(155, 10, 14, 4),
(156, 10, 2, 5),
(157, 10, 9, 6),
(158, 10, 12, 7),
(159, 10, 5, 8),
(160, 10, 15, 9),
(161, 11, 13, 0),
(162, 11, 2, 1),
(163, 11, 6, 2),
(164, 11, 10, 3),
(165, 11, 1, 4),
(166, 11, 7, 5),
(167, 11, 14, 6),
(168, 11, 4, 7),
(169, 11, 15, 8),
(170, 11, 9, 9),
(171, 12, 3, 0),
(172, 12, 15, 1),
(173, 12, 5, 2),
(174, 12, 11, 3),
(175, 12, 7, 4),
(176, 12, 14, 5),
(177, 12, 16, 6),
(178, 12, 1, 7),
(179, 12, 6, 8),
(180, 12, 9, 9),
(181, 13, 8, 0),
(182, 13, 4, 1),
(183, 13, 1, 2),
(184, 13, 16, 3),
(185, 13, 12, 4),
(186, 13, 3, 5),
(187, 13, 9, 6),
(188, 13, 6, 7),
(189, 13, 14, 8),
(190, 13, 11, 9),
(191, 14, 12, 0),
(192, 14, 1, 1),
(193, 14, 9, 2),
(194, 14, 4, 3),
(195, 14, 15, 4),
(196, 14, 7, 5),
(197, 14, 2, 6),
(198, 14, 11, 7),
(199, 14, 5, 8),
(200, 14, 16, 9),
(201, 15, 3, 0),
(202, 15, 14, 1),
(203, 15, 8, 2),
(204, 15, 2, 3),
(205, 15, 12, 4),
(206, 15, 7, 5),
(207, 15, 1, 6),
(208, 15, 10, 7),
(209, 15, 4, 8),
(210, 15, 6, 9),
(211, 16, 11, 0),
(212, 16, 6, 1),
(213, 16, 15, 2),
(214, 16, 9, 3),
(215, 16, 2, 4),
(216, 16, 13, 5),
(217, 16, 4, 6),
(218, 16, 1, 7),
(219, 16, 8, 8),
(220, 16, 16, 9),
(221, 17, 5, 0),
(222, 17, 3, 1),
(223, 17, 14, 2),
(224, 17, 10, 3),
(225, 17, 12, 4),
(226, 17, 1, 5),
(227, 17, 7, 6),
(228, 17, 6, 7),
(229, 17, 8, 8),
(230, 17, 15, 9),
(231, 18, 2, 0),
(232, 18, 8, 1),
(233, 18, 13, 2),
(234, 18, 5, 3),
(235, 18, 11, 4),
(236, 18, 14, 5),
(237, 18, 1, 6),
(238, 18, 6, 7),
(239, 18, 10, 8),
(240, 18, 4, 9),
(241, 19, 7, 0),
(242, 19, 3, 1),
(243, 19, 12, 2),
(244, 19, 15, 3),
(245, 19, 9, 4),
(246, 19, 1, 5),
(247, 19, 11, 6),
(248, 19, 14, 7),
(249, 19, 5, 8),
(250, 19, 8, 9),
(251, 20, 6, 0),
(252, 20, 1, 1),
(253, 20, 9, 2),
(254, 20, 4, 3),
(255, 20, 8, 4),
(256, 20, 13, 5),
(257, 20, 15, 6),
(258, 20, 10, 7),
(259, 20, 2, 8),
(260, 20, 5, 9),
(261, 21, 14, 0),
(262, 21, 3, 1),
(263, 21, 7, 2),
(264, 21, 12, 3),
(265, 21, 5, 4),
(266, 21, 1, 5),
(267, 21, 4, 6),
(268, 21, 8, 7),
(269, 21, 15, 8),
(270, 21, 11, 9),
(271, 22, 11, 0),
(272, 22, 2, 1),
(273, 22, 10, 2),
(274, 22, 6, 3),
(275, 22, 14, 4),
(276, 22, 4, 5),
(277, 22, 7, 6),
(278, 22, 1, 7),
(279, 22, 3, 8),
(280, 22, 9, 9),
(281, 23, 5, 0),
(282, 23, 8, 1),
(283, 23, 1, 2),
(284, 23, 12, 3),
(285, 23, 3, 4),
(286, 23, 15, 5),
(287, 23, 10, 6),
(288, 23, 6, 7),
(289, 23, 14, 8),
(290, 23, 11, 9),
(291, 24, 13, 0),
(292, 24, 4, 1),
(293, 24, 7, 2),
(294, 24, 1, 3),
(295, 24, 12, 4),
(296, 24, 9, 5),
(297, 24, 6, 6),
(298, 24, 2, 7),
(299, 24, 15, 8),
(300, 24, 11, 9),
(301, 25, 5, 0),
(302, 25, 14, 1),
(303, 25, 8, 2),
(304, 25, 3, 3),
(305, 25, 12, 4),
(306, 25, 1, 5),
(307, 25, 10, 6),
(308, 25, 6, 7),
(309, 25, 15, 8),
(310, 25, 2, 9),
(311, 26, 7, 0),
(312, 26, 2, 1),
(313, 26, 12, 2),
(314, 26, 14, 3),
(315, 26, 6, 4),
(316, 26, 1, 5),
(317, 26, 10, 6),
(318, 26, 4, 7),
(319, 26, 15, 8),
(320, 26, 9, 9),
(321, 27, 3, 0),
(322, 27, 11, 1),
(323, 27, 1, 2),
(324, 27, 5, 3),
(325, 27, 14, 4),
(326, 27, 2, 5),
(327, 27, 8, 6),
(328, 27, 6, 7),
(329, 27, 10, 8),
(330, 27, 15, 9),
(331, 28, 4, 0),
(332, 28, 16, 1),
(333, 28, 2, 2),
(334, 28, 7, 3),
(335, 28, 12, 4),
(336, 28, 10, 5),
(337, 28, 1, 6),
(338, 28, 9, 7),
(339, 28, 6, 8),
(340, 28, 14, 9),
(341, 29, 1, 0),
(342, 29, 6, 1),
(343, 29, 12, 2),
(344, 29, 3, 3),
(345, 29, 15, 4),
(346, 29, 9, 5),
(347, 29, 7, 6),
(348, 29, 2, 7),
(349, 29, 13, 8),
(350, 29, 11, 9),
(351, 30, 8, 0),
(352, 30, 3, 1),
(353, 30, 14, 2),
(354, 30, 12, 3),
(355, 30, 5, 4),
(356, 30, 10, 5),
(357, 30, 2, 6),
(358, 30, 7, 7),
(359, 30, 1, 8),
(360, 30, 16, 9),
(361, 31, 10, 0),
(362, 31, 1, 1),
(363, 31, 4, 2),
(364, 31, 12, 3),
(365, 31, 6, 4),
(366, 31, 14, 5),
(367, 31, 3, 6),
(368, 31, 15, 7),
(369, 31, 2, 8),
(370, 31, 9, 9),
(371, 32, 6, 0),
(372, 32, 14, 1),
(373, 32, 3, 2),
(374, 32, 8, 3),
(375, 32, 15, 4),
(376, 32, 12, 5),
(377, 32, 4, 6),
(378, 32, 10, 7),
(379, 32, 1, 8),
(380, 32, 11, 9),
(381, 33, 2, 0),
(382, 33, 9, 1),
(383, 33, 4, 2),
(384, 33, 14, 3),
(385, 33, 10, 4),
(386, 33, 1, 5),
(387, 33, 15, 6),
(388, 33, 7, 7),
(389, 33, 13, 8),
(390, 33, 6, 9),
(391, 34, 1, 0),
(392, 34, 15, 1),
(393, 34, 6, 2),
(394, 34, 12, 3),
(395, 34, 3, 4),
(396, 34, 9, 5),
(397, 34, 4, 6),
(398, 34, 14, 7),
(399, 34, 7, 8),
(400, 34, 11, 9),
(401, 35, 8, 0),
(402, 35, 3, 1),
(403, 35, 14, 2),
(404, 35, 6, 3),
(405, 35, 11, 4),
(406, 35, 1, 5),
(407, 35, 10, 6),
(408, 35, 15, 7),
(409, 35, 2, 8),
(410, 35, 7, 9),
(411, 36, 4, 0),
(412, 36, 9, 1),
(413, 36, 1, 2),
(414, 36, 15, 3),
(415, 36, 3, 4),
(416, 36, 11, 5),
(417, 36, 6, 6),
(418, 36, 12, 7),
(419, 36, 5, 8),
(420, 36, 14, 9),
(421, 37, 7, 0),
(422, 37, 10, 1),
(423, 37, 2, 2),
(424, 37, 6, 3),
(425, 37, 14, 4),
(426, 37, 9, 5),
(427, 37, 11, 6),
(428, 37, 1, 7),
(429, 37, 12, 8),
(430, 37, 4, 9),
(431, 38, 3, 0),
(432, 38, 14, 1),
(433, 38, 8, 2),
(434, 38, 12, 3),
(435, 38, 7, 4),
(436, 38, 10, 5),
(437, 38, 1, 6),
(438, 38, 15, 7),
(439, 38, 6, 8),
(440, 38, 4, 9),
(441, 39, 11, 0),
(442, 39, 6, 1),
(443, 39, 2, 2),
(444, 39, 10, 3),
(445, 39, 14, 4),
(446, 39, 3, 5),
(447, 39, 13, 6),
(448, 39, 7, 7),
(449, 39, 1, 8),
(450, 39, 8, 9),
(451, 40, 5, 0),
(452, 40, 1, 1),
(453, 40, 9, 2),
(454, 40, 6, 3),
(455, 40, 15, 4),
(456, 40, 12, 5),
(457, 40, 2, 6),
(458, 40, 10, 7),
(459, 40, 7, 8),
(460, 40, 14, 9),
(461, 41, 8, 0),
(462, 41, 12, 1),
(463, 41, 4, 2),
(464, 41, 7, 3),
(465, 41, 1, 4),
(466, 41, 14, 5),
(467, 41, 10, 6),
(468, 41, 3, 7),
(469, 41, 6, 8),
(470, 41, 15, 9),
(471, 42, 3, 0),
(472, 42, 11, 1),
(473, 42, 6, 2),
(474, 42, 13, 3),
(475, 42, 1, 4),
(476, 42, 14, 5),
(477, 42, 8, 6),
(478, 42, 9, 7),
(479, 42, 15, 8),
(480, 42, 4, 9),
(481, 43, 6, 0),
(482, 43, 1, 1),
(483, 43, 12, 2),
(484, 43, 4, 3),
(485, 43, 9, 4),
(486, 43, 14, 5),
(487, 43, 7, 6),
(488, 43, 3, 7),
(489, 43, 11, 8),
(490, 43, 15, 9),
(491, 44, 4, 0),
(492, 44, 12, 1),
(493, 44, 1, 2),
(494, 44, 15, 3),
(495, 44, 7, 4),
(496, 44, 9, 5),
(497, 44, 2, 6),
(498, 44, 14, 7),
(499, 44, 6, 8),
(500, 44, 11, 9),
(501, 45, 8, 0),
(502, 45, 3, 1),
(503, 45, 1, 2),
(504, 45, 14, 3),
(505, 45, 12, 4),
(506, 45, 10, 5),
(507, 45, 6, 6),
(508, 45, 15, 7),
(509, 45, 4, 8),
(510, 45, 11, 9),
(511, 46, 5, 0),
(512, 46, 7, 1),
(513, 46, 14, 2),
(514, 46, 11, 3),
(515, 46, 3, 4),
(516, 46, 6, 5),
(517, 46, 12, 6),
(518, 46, 1, 7),
(519, 46, 10, 8),
(520, 46, 9, 9),
(521, 47, 2, 0),
(522, 47, 14, 1),
(523, 47, 7, 2),
(524, 47, 1, 3),
(525, 47, 12, 4),
(526, 47, 5, 5),
(527, 47, 8, 6),
(528, 47, 3, 7),
(529, 47, 11, 8),
(530, 47, 6, 9),
(531, 48, 7, 0),
(532, 48, 4, 1),
(533, 48, 12, 2),
(534, 48, 1, 3),
(535, 48, 9, 4),
(536, 48, 15, 5),
(537, 48, 6, 6),
(538, 48, 2, 7),
(539, 48, 11, 8),
(540, 48, 13, 9),
(541, 49, 3, 0),
(542, 49, 14, 1),
(543, 49, 1, 2),
(544, 49, 10, 3),
(545, 49, 7, 4),
(546, 49, 5, 5),
(547, 49, 12, 6),
(548, 49, 9, 7),
(549, 49, 2, 8),
(550, 49, 6, 9),
(551, 50, 11, 0),
(552, 50, 6, 1),
(553, 50, 2, 2),
(554, 50, 13, 3),
(555, 50, 1, 4),
(556, 50, 8, 5),
(557, 50, 14, 6),
(558, 50, 10, 7),
(559, 50, 5, 8),
(560, 50, 7, 9),
(561, 51, 14, 0),
(562, 51, 3, 1),
(563, 51, 7, 2),
(564, 51, 12, 3),
(565, 51, 1, 4),
(566, 51, 6, 5),
(567, 51, 10, 6),
(568, 51, 4, 7),
(569, 51, 11, 8),
(570, 51, 15, 9),
(571, 52, 9, 0),
(572, 52, 4, 1),
(573, 52, 12, 2),
(574, 52, 1, 3),
(575, 52, 8, 4),
(576, 52, 15, 5),
(577, 52, 3, 6),
(578, 52, 6, 7),
(579, 52, 14, 8),
(580, 52, 11, 9),
(581, 53, 6, 0),
(582, 53, 15, 1),
(583, 53, 2, 2),
(584, 53, 10, 3),
(585, 53, 4, 4),
(586, 53, 13, 5),
(587, 53, 8, 6),
(588, 53, 1, 7),
(589, 53, 14, 8),
(590, 53, 11, 9),
(591, 54, 3, 0),
(592, 54, 12, 1),
(593, 54, 7, 2),
(594, 54, 1, 3),
(595, 54, 14, 4),
(596, 54, 9, 5),
(597, 54, 5, 6),
(598, 54, 10, 7),
(599, 54, 16, 8),
(600, 54, 6, 9),
(601, 55, 8, 0),
(602, 55, 4, 1),
(603, 55, 12, 2),
(604, 55, 6, 3),
(605, 55, 1, 4),
(606, 55, 10, 5),
(607, 55, 15, 6),
(608, 55, 7, 7),
(609, 55, 3, 8),
(610, 55, 11, 9),
(611, 56, 9, 0),
(612, 56, 3, 1),
(613, 56, 14, 2),
(614, 56, 7, 3),
(615, 56, 1, 4),
(616, 56, 12, 5),
(617, 56, 5, 6),
(618, 56, 10, 7),
(619, 56, 2, 8),
(620, 56, 16, 9),
(621, 57, 1, 0),
(622, 57, 15, 1),
(623, 57, 4, 2),
(624, 57, 12, 3),
(625, 57, 8, 4),
(626, 57, 3, 5),
(627, 57, 9, 6),
(628, 57, 7, 7),
(629, 57, 14, 8),
(630, 57, 6, 9),
(631, 58, 10, 0),
(632, 58, 5, 1),
(633, 58, 12, 2),
(634, 58, 14, 3),
(635, 58, 3, 4),
(636, 58, 1, 5),
(637, 58, 9, 6),
(638, 58, 7, 7),
(639, 58, 6, 8),
(640, 58, 13, 9),
(641, 59, 6, 0),
(642, 59, 1, 1),
(643, 59, 10, 2),
(644, 59, 4, 3),
(645, 59, 8, 4),
(646, 59, 14, 5),
(647, 59, 3, 6),
(648, 59, 12, 7),
(649, 59, 7, 8),
(650, 59, 15, 9),
(651, 60, 11, 0),
(652, 60, 4, 1),
(653, 60, 1, 2),
(654, 60, 14, 3),
(655, 60, 12, 4),
(656, 60, 5, 5),
(657, 60, 7, 6),
(658, 60, 8, 7),
(659, 60, 15, 8),
(660, 60, 3, 9),
(661, 61, 2, 0),
(662, 61, 15, 1),
(663, 61, 8, 2),
(664, 61, 4, 3),
(665, 61, 12, 4),
(666, 61, 6, 5),
(667, 61, 10, 6),
(668, 61, 3, 7),
(669, 61, 7, 8),
(670, 61, 14, 9),
(671, 62, 6, 0),
(672, 62, 16, 1),
(673, 62, 5, 2),
(674, 62, 13, 3),
(675, 62, 1, 4),
(676, 62, 9, 5),
(677, 62, 3, 6),
(678, 62, 12, 7),
(679, 62, 14, 8),
(680, 62, 7, 9),
(681, 63, 1, 0),
(682, 63, 3, 1),
(683, 63, 12, 2),
(684, 63, 8, 3),
(685, 63, 14, 4),
(686, 63, 7, 5),
(687, 63, 5, 6),
(688, 63, 11, 7),
(689, 63, 10, 8),
(690, 63, 15, 9),
(691, 64, 3, 0),
(692, 64, 14, 1),
(693, 64, 7, 2),
(694, 64, 1, 3),
(695, 64, 10, 4),
(696, 64, 5, 5),
(697, 64, 15, 6),
(698, 64, 8, 7),
(699, 64, 2, 8),
(700, 64, 12, 9),
(701, 65, 9, 0),
(702, 65, 4, 1),
(703, 65, 12, 2),
(704, 65, 1, 3),
(705, 65, 6, 4),
(706, 65, 15, 5),
(707, 65, 3, 6),
(708, 65, 8, 7),
(709, 65, 14, 8),
(710, 65, 7, 9),
(711, 66, 2, 0),
(712, 66, 13, 1),
(713, 66, 5, 2),
(714, 66, 10, 3),
(715, 66, 1, 4),
(716, 66, 12, 5),
(717, 66, 8, 6),
(718, 66, 14, 7),
(719, 66, 3, 8),
(720, 66, 6, 9),
(721, 67, 11, 0),
(722, 67, 1, 1),
(723, 67, 6, 2),
(724, 67, 14, 3),
(725, 67, 3, 4),
(726, 67, 9, 5),
(727, 67, 7, 6),
(728, 67, 12, 7),
(729, 67, 5, 8),
(730, 67, 10, 9),
(731, 68, 8, 0),
(732, 68, 5, 1),
(733, 68, 3, 2),
(734, 68, 12, 3),
(735, 68, 7, 4),
(736, 68, 14, 5),
(737, 68, 1, 6),
(738, 68, 10, 7),
(739, 68, 15, 8),
(740, 68, 6, 9),
(741, 69, 4, 0),
(742, 69, 1, 1),
(743, 69, 14, 2),
(744, 69, 7, 3),
(745, 69, 12, 4),
(746, 69, 3, 5),
(747, 69, 8, 6),
(748, 69, 5, 7),
(749, 69, 10, 8),
(750, 69, 15, 9),
(751, 70, 6, 0),
(752, 70, 13, 1),
(753, 70, 4, 2),
(754, 70, 12, 3),
(755, 70, 1, 4),
(756, 70, 9, 5),
(757, 70, 8, 6),
(758, 70, 15, 7),
(759, 70, 3, 8),
(760, 70, 7, 9),
(761, 71, 1, 0),
(762, 71, 8, 1),
(763, 71, 12, 2),
(764, 71, 3, 3),
(765, 71, 14, 4),
(766, 71, 10, 5),
(767, 71, 5, 6),
(768, 71, 6, 7),
(769, 71, 15, 8),
(770, 71, 2, 9),
(771, 72, 9, 0),
(772, 72, 6, 1),
(773, 72, 14, 2),
(774, 72, 4, 3),
(775, 72, 12, 4),
(776, 72, 1, 5),
(777, 72, 7, 6),
(778, 72, 2, 7),
(779, 72, 15, 8),
(780, 72, 10, 9),
(781, 73, 3, 0),
(782, 73, 1, 1),
(783, 73, 12, 2),
(784, 73, 14, 3),
(785, 73, 5, 4),
(786, 73, 8, 5),
(787, 73, 7, 6),
(788, 73, 2, 7),
(789, 73, 11, 8),
(790, 73, 10, 9),
(791, 74, 2, 0),
(792, 74, 14, 1),
(793, 74, 6, 2),
(794, 74, 1, 3),
(795, 74, 12, 4),
(796, 74, 3, 5),
(797, 74, 8, 6),
(798, 74, 10, 7),
(799, 74, 15, 8),
(800, 74, 5, 9),
(801, 75, 10, 0),
(802, 75, 5, 1),
(803, 75, 12, 2),
(804, 75, 3, 3),
(805, 75, 14, 4),
(806, 75, 1, 5),
(807, 75, 6, 6),
(808, 75, 15, 7),
(809, 75, 8, 8),
(810, 75, 11, 9),
(811, 76, 4, 0),
(812, 76, 12, 1),
(813, 76, 1, 2),
(814, 76, 6, 3),
(815, 76, 15, 4),
(816, 76, 8, 5),
(817, 76, 3, 6),
(818, 76, 14, 7),
(819, 76, 7, 8),
(820, 76, 10, 9),
(821, 77, 9, 0),
(822, 77, 1, 1),
(823, 77, 14, 2),
(824, 77, 6, 3),
(825, 77, 3, 4),
(826, 77, 11, 5),
(827, 77, 8, 6),
(828, 77, 12, 7),
(829, 77, 5, 8),
(830, 77, 15, 9),
(831, 78, 3, 0),
(832, 78, 14, 1),
(833, 78, 6, 2),
(834, 78, 11, 3),
(835, 78, 1, 4),
(836, 78, 12, 5),
(837, 78, 9, 6),
(838, 78, 5, 7),
(839, 78, 8, 8),
(840, 78, 15, 9),
(841, 79, 8, 0),
(842, 79, 6, 1),
(843, 79, 14, 2),
(844, 79, 12, 3),
(845, 79, 3, 4),
(846, 79, 10, 5),
(847, 79, 1, 6),
(848, 79, 7, 7),
(849, 79, 15, 8),
(850, 79, 4, 9),
(851, 80, 1, 0),
(852, 80, 3, 1),
(853, 80, 12, 2),
(854, 80, 7, 3),
(855, 80, 14, 4),
(856, 80, 10, 5),
(857, 80, 6, 6),
(858, 80, 4, 7),
(859, 80, 9, 8),
(860, 80, 15, 9),
(861, 81, 6, 0),
(862, 81, 2, 1),
(863, 81, 14, 2),
(864, 81, 10, 3),
(865, 81, 3, 4),
(866, 81, 12, 5),
(867, 81, 7, 6),
(868, 81, 1, 7),
(869, 81, 8, 8),
(870, 81, 15, 9),
(871, 82, 12, 0),
(872, 82, 3, 1),
(873, 82, 14, 2),
(874, 82, 6, 3),
(875, 82, 1, 4),
(876, 82, 10, 5),
(877, 82, 9, 6),
(878, 82, 15, 7),
(879, 82, 8, 8),
(880, 82, 5, 9),
(881, 83, 7, 0),
(882, 83, 12, 1),
(883, 83, 3, 2),
(884, 83, 1, 3),
(885, 83, 14, 4),
(886, 83, 10, 5),
(887, 83, 4, 6),
(888, 83, 6, 7),
(889, 83, 15, 8),
(890, 83, 9, 9),
(891, 84, 5, 0),
(892, 84, 1, 1),
(893, 84, 14, 2),
(894, 84, 7, 3),
(895, 84, 3, 4),
(896, 84, 12, 5),
(897, 84, 10, 6),
(898, 84, 6, 7),
(899, 84, 15, 8),
(900, 84, 9, 9),
(901, 85, 3, 0),
(902, 85, 12, 1),
(903, 85, 1, 2),
(904, 85, 6, 3),
(905, 85, 14, 4),
(906, 85, 10, 5),
(907, 85, 7, 6),
(908, 85, 4, 7),
(909, 85, 9, 8),
(910, 85, 15, 9),
(911, 86, 8, 0),
(912, 86, 3, 1),
(913, 86, 12, 2),
(914, 86, 1, 3),
(915, 86, 14, 4),
(916, 86, 7, 5),
(917, 86, 4, 6),
(918, 86, 10, 7),
(919, 86, 6, 8),
(920, 86, 15, 9),
(921, 87, 9, 0),
(922, 87, 6, 1),
(923, 87, 14, 2),
(924, 87, 4, 3),
(925, 87, 12, 4),
(926, 87, 3, 5),
(927, 87, 10, 6),
(928, 87, 1, 7),
(929, 87, 15, 8),
(930, 87, 7, 9),
(931, 88, 12, 0),
(932, 88, 3, 1),
(933, 88, 14, 2),
(934, 88, 7, 3),
(935, 88, 5, 4),
(936, 88, 10, 5),
(937, 88, 1, 6),
(938, 88, 15, 7),
(939, 88, 8, 8),
(940, 88, 6, 9),
(941, 89, 4, 0),
(942, 89, 14, 1),
(943, 89, 12, 2),
(944, 89, 1, 3),
(945, 89, 6, 4),
(946, 89, 3, 5),
(947, 89, 10, 6),
(948, 89, 7, 7),
(949, 89, 15, 8),
(950, 89, 8, 9),
(951, 90, 6, 0),
(952, 90, 1, 1),
(953, 90, 14, 2),
(954, 90, 12, 3),
(955, 90, 3, 4),
(956, 90, 9, 5),
(957, 90, 7, 6),
(958, 90, 15, 7),
(959, 90, 10, 8),
(960, 90, 5, 9),
(961, 91, 1, 0),
(962, 91, 8, 1),
(963, 91, 14, 2),
(964, 91, 3, 3),
(965, 91, 12, 4),
(966, 91, 10, 5),
(967, 91, 6, 6),
(968, 91, 5, 7),
(969, 91, 7, 8),
(970, 91, 15, 9),
(971, 92, 3, 0),
(972, 92, 14, 1),
(973, 92, 12, 2),
(974, 92, 1, 3),
(975, 92, 7, 4),
(976, 92, 10, 5),
(977, 92, 5, 6),
(978, 92, 8, 7),
(979, 92, 6, 8),
(980, 92, 15, 9),
(981, 93, 7, 0),
(982, 93, 12, 1),
(983, 93, 3, 2),
(984, 93, 14, 3),
(985, 93, 6, 4),
(986, 93, 1, 5),
(987, 93, 10, 6),
(988, 93, 5, 7),
(989, 93, 8, 8),
(990, 93, 15, 9),
(991, 94, 6, 0),
(992, 94, 1, 1),
(993, 94, 14, 2),
(994, 94, 12, 3),
(995, 94, 5, 4),
(996, 94, 3, 5),
(997, 94, 10, 6),
(998, 94, 7, 7),
(999, 94, 8, 8),
(1000, 94, 15, 9),
(1001, 95, 1, 0),
(1002, 95, 3, 1),
(1003, 95, 12, 2),
(1004, 95, 7, 3),
(1005, 95, 14, 4),
(1006, 95, 10, 5),
(1007, 95, 5, 6),
(1008, 95, 8, 7),
(1009, 95, 6, 8),
(1010, 95, 15, 9),
(1011, 96, 8, 0),
(1012, 96, 3, 1),
(1013, 96, 12, 2),
(1014, 96, 14, 3),
(1015, 96, 1, 4),
(1016, 96, 6, 5),
(1017, 96, 5, 6),
(1018, 96, 10, 7),
(1019, 96, 7, 8),
(1020, 96, 15, 9),
(1021, 97, 12, 0),
(1022, 97, 3, 1),
(1023, 97, 14, 2),
(1024, 97, 1, 3),
(1025, 97, 7, 4),
(1026, 97, 10, 5),
(1027, 97, 6, 6),
(1028, 97, 5, 7),
(1029, 97, 15, 8),
(1030, 97, 8, 9),
(1031, 98, 7, 0),
(1032, 98, 14, 1),
(1033, 98, 12, 2),
(1034, 98, 3, 3),
(1035, 98, 1, 4),
(1036, 98, 6, 5),
(1037, 98, 10, 6),
(1038, 98, 5, 7),
(1039, 98, 8, 8),
(1040, 98, 15, 9),
(1041, 99, 4, 0),
(1042, 99, 12, 1),
(1043, 99, 6, 2),
(1044, 99, 1, 3),
(1045, 99, 14, 4),
(1046, 99, 3, 5),
(1047, 99, 10, 6),
(1048, 99, 7, 7),
(1049, 99, 15, 8),
(1050, 99, 8, 9),
(1051, 100, 6, 0),
(1052, 100, 1, 1),
(1053, 100, 14, 2),
(1054, 100, 3, 3),
(1055, 100, 12, 4),
(1056, 100, 10, 5),
(1057, 100, 7, 6),
(1058, 100, 5, 7),
(1059, 100, 8, 8),
(1060, 100, 15, 9),
(1061, 101, 3, 0),
(1062, 101, 14, 1),
(1063, 101, 12, 2),
(1064, 101, 7, 3),
(1065, 101, 1, 4),
(1066, 101, 10, 5),
(1067, 101, 5, 6),
(1068, 101, 6, 7),
(1069, 101, 8, 8),
(1070, 101, 15, 9),
(1071, 102, 1, 0),
(1072, 102, 6, 1),
(1073, 102, 14, 2),
(1074, 102, 3, 3),
(1075, 102, 12, 4),
(1076, 102, 10, 5),
(1077, 102, 8, 6),
(1078, 102, 5, 7),
(1079, 102, 7, 8),
(1080, 102, 15, 9),
(1081, 103, 8, 0),
(1082, 103, 3, 1),
(1083, 103, 12, 2),
(1084, 103, 14, 3),
(1085, 103, 1, 4),
(1086, 103, 6, 5),
(1087, 103, 10, 6),
(1088, 103, 5, 7),
(1089, 103, 7, 8),
(1090, 103, 15, 9),
(1091, 104, 3, 0),
(1092, 104, 12, 1),
(1093, 104, 1, 2),
(1094, 104, 6, 3),
(1095, 104, 14, 4),
(1096, 104, 10, 5),
(1097, 104, 7, 6),
(1098, 104, 5, 7),
(1099, 104, 8, 8),
(1100, 104, 15, 9),
(1101, 105, 6, 0),
(1102, 105, 1, 1),
(1103, 105, 14, 2),
(1104, 105, 3, 3),
(1105, 105, 12, 4),
(1106, 105, 10, 5),
(1107, 105, 7, 6),
(1108, 105, 5, 7),
(1109, 105, 8, 8),
(1110, 105, 15, 9),
(1111, 106, 1, 0),
(1112, 106, 8, 1),
(1113, 106, 14, 2),
(1114, 106, 3, 3),
(1115, 106, 12, 4),
(1116, 106, 10, 5),
(1117, 106, 6, 6),
(1118, 106, 5, 7),
(1119, 106, 7, 8),
(1120, 106, 15, 9),
(1121, 107, 12, 0),
(1122, 107, 3, 1),
(1123, 107, 14, 2),
(1124, 107, 7, 3),
(1125, 107, 1, 4),
(1126, 107, 10, 5),
(1127, 107, 9, 6),
(1128, 107, 5, 7),
(1129, 107, 8, 8),
(1130, 107, 6, 9),
(1131, 108, 8, 0),
(1132, 108, 3, 1),
(1133, 108, 12, 2),
(1134, 108, 14, 3),
(1135, 108, 1, 4),
(1136, 108, 6, 5),
(1137, 108, 10, 6),
(1138, 108, 5, 7),
(1139, 108, 7, 8),
(1140, 108, 15, 9),
(1141, 109, 4, 0),
(1142, 109, 12, 1),
(1143, 109, 6, 2),
(1144, 109, 1, 3),
(1145, 109, 14, 4),
(1146, 109, 3, 5),
(1147, 109, 10, 6),
(1148, 109, 7, 7),
(1149, 109, 15, 8),
(1150, 109, 8, 9),
(1151, 110, 7, 0),
(1152, 110, 12, 1),
(1153, 110, 3, 2),
(1154, 110, 1, 3),
(1155, 110, 14, 4),
(1156, 110, 10, 5),
(1157, 110, 4, 6),
(1158, 110, 6, 7),
(1159, 110, 15, 8),
(1160, 110, 9, 9),
(1161, 111, 6, 0),
(1162, 111, 1, 1),
(1163, 111, 14, 2),
(1164, 111, 3, 3),
(1165, 111, 12, 4),
(1166, 111, 10, 5),
(1167, 111, 7, 6),
(1168, 111, 5, 7),
(1169, 111, 8, 8),
(1170, 111, 15, 9),
(1171, 112, 3, 0),
(1172, 112, 12, 1),
(1173, 112, 14, 2),
(1174, 112, 7, 3),
(1175, 112, 1, 4),
(1176, 112, 10, 5),
(1177, 112, 5, 6),
(1178, 112, 6, 7),
(1179, 112, 8, 8),
(1180, 112, 15, 9),
(1181, 113, 1, 0),
(1182, 113, 6, 1),
(1183, 113, 14, 2),
(1184, 113, 3, 3),
(1185, 113, 12, 4),
(1186, 113, 10, 5),
(1187, 113, 8, 6),
(1188, 113, 5, 7),
(1189, 113, 7, 8),
(1190, 113, 15, 9),
(1191, 114, 7, 0),
(1192, 114, 12, 1),
(1193, 114, 3, 2),
(1194, 114, 1, 3),
(1195, 114, 14, 4),
(1196, 114, 10, 5),
(1197, 114, 4, 6),
(1198, 114, 6, 7),
(1199, 114, 15, 8),
(1200, 114, 8, 9),
(1201, 115, 3, 0),
(1202, 115, 14, 1),
(1203, 115, 12, 2),
(1204, 115, 1, 3),
(1205, 115, 6, 4),
(1206, 115, 10, 5),
(1207, 115, 7, 6),
(1208, 115, 5, 7),
(1209, 115, 8, 8),
(1210, 115, 15, 9),
(1211, 116, 6, 0),
(1212, 116, 1, 1),
(1213, 116, 14, 2),
(1214, 116, 3, 3),
(1215, 116, 12, 4),
(1216, 116, 10, 5),
(1217, 116, 7, 6),
(1218, 116, 5, 7),
(1219, 116, 8, 8),
(1220, 116, 15, 9),
(1221, 117, 1, 0),
(1222, 117, 6, 1),
(1223, 117, 14, 2),
(1224, 117, 3, 3),
(1225, 117, 12, 4),
(1226, 117, 10, 5),
(1227, 117, 8, 6),
(1228, 117, 5, 7),
(1229, 117, 7, 8),
(1230, 117, 15, 9),
(1231, 118, 8, 0),
(1232, 118, 3, 1),
(1233, 118, 12, 2),
(1234, 118, 14, 3),
(1235, 118, 1, 4),
(1236, 118, 6, 5),
(1237, 118, 10, 6),
(1238, 118, 5, 7),
(1239, 118, 7, 8),
(1240, 118, 15, 9),
(1241, 119, 4, 0),
(1242, 119, 12, 1),
(1243, 119, 6, 2),
(1244, 119, 1, 3),
(1245, 119, 14, 4),
(1246, 119, 3, 5),
(1247, 119, 10, 6),
(1248, 119, 7, 7),
(1249, 119, 15, 8),
(1250, 119, 8, 9),
(1251, 120, 7, 0),
(1252, 120, 12, 1),
(1253, 120, 3, 2),
(1254, 120, 1, 3),
(1255, 120, 14, 4),
(1256, 120, 10, 5),
(1257, 120, 4, 6),
(1258, 120, 6, 7),
(1259, 120, 15, 8),
(1260, 120, 9, 9),
(1261, 121, 6, 0),
(1262, 121, 1, 1),
(1263, 121, 14, 2),
(1264, 121, 3, 3),
(1265, 121, 12, 4),
(1266, 121, 10, 5),
(1267, 121, 7, 6),
(1268, 121, 5, 7),
(1269, 121, 8, 8),
(1270, 121, 15, 9),
(1271, 122, 3, 0),
(1272, 122, 12, 1),
(1273, 122, 14, 2),
(1274, 122, 7, 3),
(1275, 122, 1, 4),
(1276, 122, 10, 5),
(1277, 122, 5, 6),
(1278, 122, 6, 7),
(1279, 122, 8, 8),
(1280, 122, 15, 9),
(1281, 123, 1, 0),
(1282, 123, 6, 1),
(1283, 123, 14, 2),
(1284, 123, 3, 3),
(1285, 123, 12, 4),
(1286, 123, 10, 5),
(1287, 123, 8, 6),
(1288, 123, 5, 7),
(1289, 123, 7, 8),
(1290, 123, 15, 9),
(1291, 124, 7, 0),
(1292, 124, 12, 1),
(1293, 124, 3, 2),
(1294, 124, 1, 3),
(1295, 124, 14, 4),
(1296, 124, 10, 5),
(1297, 124, 4, 6),
(1298, 124, 6, 7),
(1299, 124, 15, 8),
(1300, 124, 9, 9),
(1301, 125, 3, 0),
(1302, 125, 12, 1),
(1303, 125, 1, 2),
(1304, 125, 6, 3),
(1305, 125, 14, 4),
(1306, 125, 10, 5),
(1307, 125, 7, 6),
(1308, 125, 5, 7),
(1309, 125, 8, 8),
(1310, 125, 15, 9),
(1311, 126, 6, 0),
(1312, 126, 1, 1),
(1313, 126, 14, 2),
(1314, 126, 3, 3),
(1315, 126, 12, 4),
(1316, 126, 10, 5),
(1317, 126, 7, 6),
(1318, 126, 5, 7),
(1319, 126, 8, 8),
(1320, 126, 15, 9),
(1321, 127, 1, 0),
(1322, 127, 6, 1),
(1323, 127, 14, 2),
(1324, 127, 3, 3),
(1325, 127, 12, 4),
(1326, 127, 10, 5),
(1327, 127, 8, 6),
(1328, 127, 5, 7),
(1329, 127, 7, 8),
(1330, 127, 15, 9),
(1331, 128, 8, 0),
(1332, 128, 3, 1),
(1333, 128, 12, 2),
(1334, 128, 14, 3),
(1335, 128, 1, 4),
(1336, 128, 6, 5),
(1337, 128, 10, 6),
(1338, 128, 5, 7),
(1339, 128, 7, 8),
(1340, 128, 15, 9),
(1341, 129, 4, 0),
(1342, 129, 12, 1),
(1343, 129, 6, 2),
(1344, 129, 1, 3),
(1345, 129, 14, 4),
(1346, 129, 3, 5),
(1347, 129, 10, 6),
(1348, 129, 7, 7),
(1349, 129, 15, 8),
(1350, 129, 8, 9),
(1351, 130, 7, 0),
(1352, 130, 12, 1),
(1353, 130, 3, 2),
(1354, 130, 1, 3),
(1355, 130, 14, 4),
(1356, 130, 10, 5),
(1357, 130, 4, 6),
(1358, 130, 6, 7),
(1359, 130, 15, 8),
(1360, 130, 9, 9),
(1361, 131, 6, 0),
(1362, 131, 1, 1),
(1363, 131, 14, 2),
(1364, 131, 3, 3),
(1365, 131, 12, 4),
(1366, 131, 10, 5),
(1367, 131, 7, 6),
(1368, 131, 5, 7),
(1369, 131, 8, 8),
(1370, 131, 15, 9),
(1371, 132, 3, 0),
(1372, 132, 12, 1),
(1373, 132, 14, 2),
(1374, 132, 7, 3),
(1375, 132, 1, 4),
(1376, 132, 10, 5),
(1377, 132, 5, 6),
(1378, 132, 6, 7),
(1379, 132, 8, 8),
(1380, 132, 15, 9),
(1381, 133, 1, 0),
(1382, 133, 6, 1),
(1383, 133, 14, 2),
(1384, 133, 3, 3),
(1385, 133, 12, 4),
(1386, 133, 10, 5),
(1387, 133, 8, 6),
(1388, 133, 5, 7),
(1389, 133, 7, 8),
(1390, 133, 15, 9),
(1391, 134, 7, 0),
(1392, 134, 12, 1),
(1393, 134, 3, 2),
(1394, 134, 1, 3),
(1395, 134, 14, 4),
(1396, 134, 10, 5),
(1397, 134, 4, 6),
(1398, 134, 6, 7),
(1399, 134, 15, 8),
(1400, 134, 9, 9),
(1401, 135, 3, 0),
(1402, 135, 12, 1),
(1403, 135, 1, 2),
(1404, 135, 6, 3),
(1405, 135, 14, 4),
(1406, 135, 10, 5),
(1407, 135, 7, 6),
(1408, 135, 5, 7),
(1409, 135, 8, 8),
(1410, 135, 15, 9),
(1411, 136, 6, 0),
(1412, 136, 1, 1),
(1413, 136, 14, 2),
(1414, 136, 3, 3),
(1415, 136, 12, 4),
(1416, 136, 10, 5),
(1417, 136, 7, 6),
(1418, 136, 5, 7),
(1419, 136, 8, 8),
(1420, 136, 15, 9),
(1421, 137, 1, 0),
(1422, 137, 6, 1),
(1423, 137, 14, 2),
(1424, 137, 3, 3),
(1425, 137, 12, 4),
(1426, 137, 10, 5),
(1427, 137, 8, 6),
(1428, 137, 5, 7),
(1429, 137, 7, 8),
(1430, 137, 15, 9),
(1431, 138, 8, 0),
(1432, 138, 3, 1),
(1433, 138, 12, 2),
(1434, 138, 14, 3),
(1435, 138, 1, 4),
(1436, 138, 6, 5),
(1437, 138, 10, 6),
(1438, 138, 5, 7),
(1439, 138, 7, 8),
(1440, 138, 15, 9),
(1441, 139, 4, 0),
(1442, 139, 12, 1),
(1443, 139, 6, 2),
(1444, 139, 1, 3),
(1445, 139, 14, 4),
(1446, 139, 3, 5),
(1447, 139, 10, 6),
(1448, 139, 7, 7),
(1449, 139, 15, 8),
(1450, 139, 8, 9),
(1451, 140, 7, 0),
(1452, 140, 12, 1),
(1453, 140, 3, 2),
(1454, 140, 1, 3),
(1455, 140, 14, 4),
(1456, 140, 10, 5),
(1457, 140, 4, 6),
(1458, 140, 6, 7),
(1459, 140, 15, 8),
(1460, 140, 9, 9),
(1461, 141, 6, 0),
(1462, 141, 1, 1),
(1463, 141, 14, 2),
(1464, 141, 3, 3),
(1465, 141, 12, 4),
(1466, 141, 10, 5),
(1467, 141, 7, 6),
(1468, 141, 5, 7),
(1469, 141, 8, 8),
(1470, 141, 15, 9),
(1471, 142, 3, 0),
(1472, 142, 12, 1),
(1473, 142, 14, 2),
(1474, 142, 7, 3),
(1475, 142, 1, 4),
(1476, 142, 10, 5),
(1477, 142, 5, 6),
(1478, 142, 6, 7),
(1479, 142, 8, 8),
(1480, 142, 15, 9),
(1481, 143, 1, 0),
(1482, 143, 6, 1),
(1483, 143, 14, 2),
(1484, 143, 3, 3),
(1485, 143, 12, 4),
(1486, 143, 10, 5),
(1487, 143, 8, 6),
(1488, 143, 5, 7),
(1489, 143, 7, 8),
(1490, 143, 15, 9),
(1491, 144, 7, 0),
(1492, 144, 12, 1),
(1493, 144, 3, 2),
(1494, 144, 1, 3),
(1495, 144, 14, 4),
(1496, 144, 10, 5),
(1497, 144, 4, 6),
(1498, 144, 6, 7),
(1499, 144, 15, 8),
(1500, 144, 9, 9),
(1501, 145, 3, 0),
(1502, 145, 12, 1),
(1503, 145, 1, 2),
(1504, 145, 6, 3),
(1505, 145, 14, 4),
(1506, 145, 10, 5),
(1507, 145, 7, 6),
(1508, 145, 5, 7),
(1509, 145, 8, 8),
(1510, 145, 15, 9),
(1511, 146, 6, 0),
(1512, 146, 1, 1),
(1513, 146, 14, 2),
(1514, 146, 3, 3),
(1515, 146, 12, 4),
(1516, 146, 10, 5),
(1517, 146, 7, 6),
(1518, 146, 5, 7),
(1519, 146, 8, 8),
(1520, 146, 15, 9),
(1521, 147, 1, 0),
(1522, 147, 6, 1),
(1523, 147, 14, 2),
(1524, 147, 3, 3),
(1525, 147, 12, 4),
(1526, 147, 10, 5),
(1527, 147, 8, 6),
(1528, 147, 5, 7),
(1529, 147, 7, 8),
(1530, 147, 15, 9),
(1531, 148, 8, 0),
(1532, 148, 3, 1),
(1533, 148, 12, 2),
(1534, 148, 14, 3),
(1535, 148, 1, 4),
(1536, 148, 6, 5),
(1537, 148, 10, 6),
(1538, 148, 5, 7),
(1539, 148, 7, 8),
(1540, 148, 15, 9),
(1541, 149, 4, 0),
(1542, 149, 12, 1),
(1543, 149, 6, 2),
(1544, 149, 1, 3),
(1545, 149, 14, 4),
(1546, 149, 3, 5),
(1547, 149, 10, 6),
(1548, 149, 7, 7),
(1549, 149, 15, 8),
(1550, 149, 8, 9),
(1551, 150, 7, 0),
(1552, 150, 12, 1),
(1553, 150, 3, 2),
(1554, 150, 1, 3),
(1555, 150, 14, 4),
(1556, 150, 10, 5),
(1557, 150, 4, 6),
(1558, 150, 6, 7),
(1559, 150, 15, 8),
(1560, 150, 9, 9),
(1561, 151, 6, 0),
(1562, 151, 1, 1),
(1563, 151, 14, 2),
(1564, 151, 3, 3),
(1565, 151, 12, 4),
(1566, 151, 10, 5),
(1567, 151, 7, 6),
(1568, 151, 5, 7),
(1569, 151, 8, 8),
(1570, 151, 15, 9),
(1571, 152, 3, 0),
(1572, 152, 12, 1),
(1573, 152, 14, 2),
(1574, 152, 7, 3),
(1575, 152, 1, 4),
(1576, 152, 10, 5),
(1577, 152, 5, 6),
(1578, 152, 6, 7),
(1579, 152, 8, 8),
(1580, 152, 15, 9),
(1581, 153, 1, 0),
(1582, 153, 6, 1),
(1583, 153, 14, 2),
(1584, 153, 3, 3),
(1585, 153, 12, 4),
(1586, 153, 10, 5),
(1587, 153, 8, 6),
(1588, 153, 5, 7),
(1589, 153, 7, 8),
(1590, 153, 15, 9),
(1591, 154, 7, 0),
(1592, 154, 12, 1),
(1593, 154, 3, 2),
(1594, 154, 1, 3),
(1595, 154, 14, 4),
(1596, 154, 10, 5),
(1597, 154, 4, 6),
(1598, 154, 6, 7),
(1599, 154, 15, 8),
(1600, 154, 9, 9),
(1601, 155, 3, 0),
(1602, 155, 12, 1),
(1603, 155, 1, 2),
(1604, 155, 6, 3),
(1605, 155, 14, 4),
(1606, 155, 10, 5),
(1607, 155, 7, 6),
(1608, 155, 5, 7),
(1609, 155, 8, 8),
(1610, 155, 15, 9),
(1611, 156, 6, 0),
(1612, 156, 1, 1),
(1613, 156, 14, 2),
(1614, 156, 3, 3),
(1615, 156, 12, 4),
(1616, 156, 10, 5),
(1617, 156, 7, 6),
(1618, 156, 5, 7),
(1619, 156, 8, 8),
(1620, 156, 15, 9),
(1621, 157, 1, 0),
(1622, 157, 6, 1),
(1623, 157, 14, 2),
(1624, 157, 3, 3),
(1625, 157, 12, 4),
(1626, 157, 10, 5),
(1627, 157, 8, 6),
(1628, 157, 5, 7),
(1629, 157, 7, 8),
(1630, 157, 15, 9),
(1631, 158, 8, 0),
(1632, 158, 3, 1),
(1633, 158, 12, 2),
(1634, 158, 14, 3),
(1635, 158, 1, 4),
(1636, 158, 6, 5),
(1637, 158, 10, 6),
(1638, 158, 5, 7),
(1639, 158, 7, 8),
(1640, 158, 15, 9),
(1641, 159, 4, 0),
(1642, 159, 12, 1),
(1643, 159, 6, 2),
(1644, 159, 1, 3),
(1645, 159, 14, 4),
(1646, 159, 3, 5),
(1647, 159, 10, 6),
(1648, 159, 7, 7),
(1649, 159, 15, 8),
(1650, 159, 8, 9),
(1651, 160, 7, 0),
(1652, 160, 12, 1),
(1653, 160, 3, 2),
(1654, 160, 1, 3),
(1655, 160, 14, 4),
(1656, 160, 10, 5),
(1657, 160, 4, 6),
(1658, 160, 6, 7),
(1659, 160, 15, 8),
(1660, 160, 9, 9),
(1661, 1, 1, 0),
(1662, 1, 2, 1),
(1663, 1, 3, 2),
(1664, 1, 4, 3),
(1665, 1, 5, 4),
(1666, 1, 6, 5),
(1667, 1, 7, 6),
(1668, 1, 8, 7),
(1669, 1, 9, 8),
(1670, 1, 10, 9);

--
-- Índices para tabelas despejadas
--

--
-- Índices para tabela `preferencias`
--
ALTER TABLE `preferencias`
  ADD PRIMARY KEY (`PreferenciaID`);

--
-- Índices para tabela `usuarios`
--
ALTER TABLE `usuarios`
  ADD PRIMARY KEY (`UsuarioID`);

--
-- Índices para tabela `usuarios_preferencias`
--
ALTER TABLE `usuarios_preferencias`
  ADD PRIMARY KEY (`ID`);

--
-- AUTO_INCREMENT de tabelas despejadas
--

--
-- AUTO_INCREMENT de tabela `preferencias`
--
ALTER TABLE `preferencias`
  MODIFY `PreferenciaID` int(11) NOT NULL AUTO_INCREMENT, AUTO_INCREMENT=17;

--
-- AUTO_INCREMENT de tabela `usuarios`
--
ALTER TABLE `usuarios`
  MODIFY `UsuarioID` int(11) NOT NULL AUTO_INCREMENT, AUTO_INCREMENT=161;

--
-- AUTO_INCREMENT de tabela `usuarios_preferencias`
--
ALTER TABLE `usuarios_preferencias`
  MODIFY `ID` int(11) NOT NULL AUTO_INCREMENT, AUTO_INCREMENT=1671;
COMMIT;

/*!40101 SET CHARACTER_SET_CLIENT=@OLD_CHARACTER_SET_CLIENT */;
/*!40101 SET CHARACTER_SET_RESULTS=@OLD_CHARACTER_SET_RESULTS */;
/*!40101 SET COLLATION_CONNECTION=@OLD_COLLATION_CONNECTION */;
